8,ANCESTOR,3,"Given the following lineage relationships:
* Beverly is Gerald's ancestor.
* Jeffrey is Richard's ancestor.
* Richard is Beverly's ancestor.
* Douglas is Stephen's ancestor.
* Gerald is Jeremy's ancestor.
* Andrea is Jeffrey's ancestor.
* Jeremy is Douglas's ancestor.
Determine the lineage relationship between Andrea and Stephen.
Select the correct answer:
1. Andrea and Stephen share a common ancestor.
2. Andrea is Stephen's descendant.
3. Andrea is Stephen's ancestor.
4. Andrea and Stephen share a common descendant.
5. None of the above is correct.
Enclose the selected answer number in the <ANSWER> tag, for example: <ANSWER>1</ANSWER>.",z-ai/glm-5,Z.AI,,,"To determine the relationship between Andrea and Stephen, let's map out the lineage chain step-by-step using the provided facts:

1.  **Andrea is Jeffrey's ancestor.** (Andrea $\rightarrow$ Jeffrey)
2.  **Jeffrey is Richard's ancestor.** (Andrea $\rightarrow$ Jeffrey $\rightarrow$ Richard)
3.  **Richard is Beverly's ancestor.** (Andrea $\rightarrow$ Jeffrey $\rightarrow$ Richard $\rightarrow$ Beverly)
4.  **Beverly is Gerald's ancestor.** (Andrea $\rightarrow$ Jeffrey $\rightarrow$ Richard $\rightarrow$ Beverly $\rightarrow$ Gerald)
5.  **Gerald is Jeremy's ancestor.** (Andrea $\rightarrow$ ... $\rightarrow$ Gerald $\rightarrow$ Jeremy)
6.  **Jeremy is Douglas's ancestor.** (Andrea $\rightarrow$ ... $\rightarrow$ Jeremy $\rightarrow$ Douglas)
7.  **Douglas is Stephen's ancestor.** (Andrea $\rightarrow$ ... $\rightarrow$ Douglas $\rightarrow$ Stephen)

By linking these together, we establish a direct lineage:
**Andrea $\rightarrow$ Jeffrey $\rightarrow$ Richard $\rightarrow$ Beverly $\rightarrow$ Gerald $\rightarrow$ Jeremy $\rightarrow$ Douglas $\rightarrow$ Stephen**

Since there is a direct path from Andrea to Stephen, Andrea is the ancestor of Stephen.

Therefore, the correct answer is option 3.

<ANSWER>3</ANSWER>"
8,DESCENDANT,3,"Given the following lineage relationships:
* Benjamin is Frances's descendant.
* Benjamin is Brittany's ancestor.
* Diane is Carl's descendant.
* Sarah is Willie's descendant.
* Frances is Sarah's descendant.
* Robert is Carl's ancestor.
* Robert is Brittany's descendant.
Determine the lineage relationship between Diane and Willie.
Select the correct answer:
1. Diane and Willie share a common ancestor.
2. Diane and Willie share a common descendant.
3. Diane is Willie's descendant.
4. Diane is Willie's ancestor.
5. None of the above is correct.
Enclose the selected answer number in the <ANSWER> tag, for example: <ANSWER>1</ANSWER>.",z-ai/glm-5,Z.AI,,,<ANSWER>3</ANSWER>
8,COMMON_ANCESTOR,4,"Given the following lineage relationships:
* Mason is Maria's ancestor.
* Mason is Kelly's descendant.
* Alice is Jerry's descendant.
* Kelly is Joan's descendant.
* Joan is Lawrence's descendant.
* Maria is Jerry's ancestor.
* Christine is Lawrence's descendant.
Determine the lineage relationship between Christine and Alice.
Select the correct answer:
1. Christine and Alice share a common descendant.
2. Christine is Alice's descendant.
3. Christine is Alice's ancestor.
4. Christine and Alice share a common ancestor.
5. None of the above is correct.
Enclose the selected answer number in the <ANSWER> tag, for example: <ANSWER>1</ANSWER>.",z-ai/glm-5,Z.AI,,,"To determine the relationship between Christine and Alice, let's map out the lineage chain based on the provided statements. We can represent ""X is Y's ancestor"" or ""Y is X's descendant"" as **X → Y** (meaning X came before Y).

1.  **Joan is Lawrence's descendant:** Lawrence → Joan
2.  **Kelly is Joan's descendant:** Joan → Kelly
    *   Combined: Lawrence → Joan → Kelly
3.  **Mason is Kelly's descendant:** Kelly → Mason
    *   Combined: Lawrence → Joan → Kelly → Mason
4.  **Mason is Maria's ancestor:** Mason → Maria
    *   Combined: Lawrence → Joan → Kelly → Mason → Maria
5.  **Maria is Jerry's ancestor:** Maria → Jerry
    *   Combined: Lawrence → Joan → Kelly → Mason → Maria → Jerry
6.  **Alice is Jerry's descendant:** Jerry → Alice
    *   Combined: Lawrence → Joan → Kelly → Mason → Maria → Jerry → Alice

From this chain, we have established that **Lawrence is an ancestor of Alice**.

Now let's look at Christine:
*   **Christine is Lawrence's descendant:** Lawrence → Christine.

This establishes that Lawrence is an ancestor of Christine as well.

Since Lawrence is an ancestor of both Alice and Christine:
1.  Lawrence is a common ancestor to both.
2.  Therefore, Christine and Alice share a common ancestor.

Let's evaluate the other options to ensure accuracy:
*   *Christine and Alice share a common descendant:* There is no information suggesting either has children, let alone a shared one.
*   *Christine is Alice's descendant:* While possible (if Christine were a child of Alice), it is not definitively proven by the statements. Christine could just as easily be Alice's aunt or cousin.
*   *Christine is Alice's ancestor:* For this to be true, Christine would need to be in the direct line from Lawrence to Alice. Since the names listed in that chain are distinct (Lawrence, Joan, Kelly, Mason, Maria, Jerry, Alice), and Christine is a separate individual, she is likely not in that direct line.

The only relationship definitively supported by the facts is that they share a common ancestor (Lawrence).

<ANSWER>4</ANSWER>"
8,COMMON_DESCENDANT,3,"Given the following lineage relationships:
* Paul is Megan's descendant.
* Jean is Ann's ancestor.
* Judith is Alexander's ancestor.
* Ruth is Judith's ancestor.
* Ruth is Paul's descendant.
* Alexander is Anna's descendant.
* Megan is Ann's descendant.
Determine the lineage relationship between Jean and Anna.
Select the correct answer:
1. Jean and Anna share a common ancestor.
2. Jean is Anna's descendant.
3. Jean and Anna share a common descendant.
4. Jean is Anna's ancestor.
5. None of the above is correct.
Enclose the selected answer number in the <ANSWER> tag, for example: <ANSWER>1</ANSWER>.",z-ai/glm-5,Z.AI,,,<ANSWER>3</ANSWER>
8,ANCESTOR,4,"Given the following lineage relationships:
* Jacqueline is Nathan's descendant.
* Larry is Emily's descendant.
* Patricia is Hannah's ancestor.
* Sharon is Patricia's ancestor.
* Emily is Hannah's descendant.
* Larry is Terry's ancestor.
* Jacqueline is Sharon's ancestor.
Determine the lineage relationship between Nathan and Terry.
Select the correct answer:
1. Nathan is Terry's descendant.
2. Nathan and Terry share a common ancestor.
3. Nathan and Terry share a common descendant.
4. Nathan is Terry's ancestor.
5. None of the above is correct.
Enclose the selected answer number in the <ANSWER> tag, for example: <ANSWER>1</ANSWER>.",z-ai/glm-5,Z.AI,,,<ANSWER>4</ANSWER>
8,DESCENDANT,1,"Given the following lineage relationships:
* Steven is Philip's descendant.
* Julie is Sarah's ancestor.
* Michelle is Emma's descendant.
* Bradley is Michelle's descendant.
* Sarah is Ann's ancestor.
* Philip is Bradley's descendant.
* Steven is Julie's ancestor.
Determine the lineage relationship between Ann and Emma.
Select the correct answer:
1. Ann is Emma's descendant.
2. Ann is Emma's ancestor.
3. Ann and Emma share a common descendant.
4. Ann and Emma share a common ancestor.
5. None of the above is correct.
Enclose the selected answer number in the <ANSWER> tag, for example: <ANSWER>1</ANSWER>.",z-ai/glm-5,Z.AI,,,"To determine the relationship between Ann and Emma, let's trace the lineage step-by-step by interpreting the given statements.

1.  **Analyze the connections:**
    *   **Ann's Lineage (working backwards):**
        *   ""Sarah is Ann's ancestor"" $\rightarrow$ Sarah $\rightarrow$ Ann.
        *   ""Julie is Sarah's ancestor"" $\rightarrow$ Julie $\rightarrow$ Sarah $\rightarrow$ Ann.
        *   ""Steven is Julie's ancestor"" $\rightarrow$ Steven $\rightarrow$ Julie $\rightarrow$ Sarah $\rightarrow$ Ann.
    *   **Emma's Lineage (working forwards):**
        *   ""Michelle is Emma's descendant"" $\rightarrow$ Emma $\rightarrow$ Michelle.
        *   ""Bradley is Michelle's descendant"" $\rightarrow$ Emma $\rightarrow$ Michelle $\rightarrow$ Bradley.
        *   ""Philip is Bradley's descendant"" $\rightarrow$ Emma $\rightarrow$ Michelle $\rightarrow$ Bradley $\rightarrow$ Philip.
        *   ""Steven is Philip's descendant"" $\rightarrow$ Emma $\rightarrow$ Michelle $\rightarrow$ Bradley $\rightarrow$ Philip $\rightarrow$ Steven.

2.  **Combine the chains:**
    *   From the Emma chain, we see that Steven is a descendant of Emma.
    *   From the Ann chain, we see that Steven is an ancestor of Ann.
    *   Therefore, we can link the two chains through Steven:
        **Emma** $\rightarrow$ Michelle $\rightarrow$ Bradley $\rightarrow$ Philip $\rightarrow$ **Steven** $\rightarrow$ Julie $\rightarrow$ Sarah $\rightarrow$ **Ann**.

3.  **Determine the specific relationship:**
    *   The chain shows that Emma is at the top (oldest ancestor in this group) and Ann is at the bottom (youngest descendant in this group).
    *   Therefore, Ann is a descendant of Emma.

4.  **Evaluate the options:**
    *   1. Ann is Emma's descendant. (Correct)
    *   2. Ann is Emma's ancestor. (Incorrect)
    *   3. Ann and Emma share a common descendant. (Incorrect; Ann is the descendant, not an ancestor sharing one).
    *   4. Ann and Emma share a common ancestor. (Incorrect; Emma is the ancestor in this relationship).
    *   5. None of the above is correct. (Incorrect).

<ANSWER>1</ANSWER>"
8,COMMON_ANCESTOR,3,"Given the following lineage relationships:
* Andrea is Jordan's descendant.
* Ruth is Tyler's ancestor.
* Jordan is Joan's ancestor.
* Cynthia is Edward's descendant.
* Ruth is Andrea's descendant.
* Joan is Edward's ancestor.
* Tyler is Brandon's ancestor.
Determine the lineage relationship between Cynthia and Brandon.
Select the correct answer:
1. Cynthia and Brandon share a common descendant.
2. Cynthia is Brandon's ancestor.
3. Cynthia and Brandon share a common ancestor.
4. Cynthia is Brandon's descendant.
5. None of the above is correct.
Enclose the selected answer number in the <ANSWER> tag, for example: <ANSWER>1</ANSWER>.",z-ai/glm-5,Z.AI,,,<ANSWER>3</ANSWER>
8,COMMON_DESCENDANT,3,"Given the following lineage relationships:
* Kevin is Danielle's ancestor.
* Andrew is Stephanie's ancestor.
* Kayla is Nicholas's descendant.
* Stephanie is Danielle's descendant.
* Brittany is Anna's descendant.
* Andrew is Brittany's descendant.
* Anna is Kayla's descendant.
Determine the lineage relationship between Kevin and Nicholas.
Select the correct answer:
1. Kevin is Nicholas's descendant.
2. Kevin and Nicholas share a common ancestor.
3. Kevin and Nicholas share a common descendant.
4. Kevin is Nicholas's ancestor.
5. None of the above is correct.
Enclose the selected answer number in the <ANSWER> tag, for example: <ANSWER>1</ANSWER>.",z-ai/glm-5,Z.AI,,,"To determine the relationship between Kevin and Nicholas, let's map out the lineage chains based on the provided statements. We can represent the relationships as: Ancestor $\rightarrow$ Descendant.

1.  **Kevin is Danielle's ancestor.**
    Kevin $\rightarrow$ Danielle
2.  **Stephanie is Danielle's descendant.**
    This means Danielle is Stephanie's ancestor.
    Kevin $\rightarrow$ Danielle $\rightarrow$ Stephanie
3.  **Andrew is Stephanie's ancestor.**
    Andrew $\rightarrow$ Stephanie
    *(Note: Stephanie now has two identified ancestor lines: one from Kevin/Danielle and one from Andrew.)*
4.  **Andrew is Brittany's descendant.**
    This means Brittany is Andrew's ancestor.
    Brittany $\rightarrow$ Andrew $\rightarrow$ Stephanie
5.  **Brittany is Anna's descendant.**
    This means Anna is Brittany's ancestor.
    Anna $\rightarrow$ Brittany $\rightarrow$ Andrew $\rightarrow$ Stephanie
6.  **Anna is Kayla's descendant.**
    This means Kayla is Anna's ancestor.
    Kayla $\rightarrow$ Anna $\rightarrow$ Brittany $\rightarrow$ Andrew $\rightarrow$ Stephanie
7.  **Kayla is Nicholas's descendant.**
    This means Nicholas is Kayla's ancestor.
    Nicholas $\rightarrow$ Kayla $\rightarrow$ Anna $\rightarrow$ Brittany $\rightarrow$ Andrew $\rightarrow$ Stephanie

Now we have two distinct lineage paths converging at Stephanie:
*   **Path 1:** Kevin $\rightarrow$ Danielle $\rightarrow$ Stephanie
*   **Path 2:** Nicholas $\rightarrow$ Kayla $\rightarrow$ Anna $\rightarrow$ Brittany $\rightarrow$ Andrew $\rightarrow$ Stephanie

**Analysis:**
*   Kevin is an ancestor of Stephanie.
*   Nicholas is an ancestor of Stephanie.
*   Therefore, Stephanie is a descendant of both Kevin and Nicholas.

Let's evaluate the options:
1.  **Kevin is Nicholas's descendant.** Incorrect. Kevin is an ancestor of Stephanie, and Nicholas is an ancestor of Stephanie. There is no path from Nicholas to Kevin.
2.  **Kevin and Nicholas share a common ancestor.** There is no information provided about the parents of Kevin or Nicholas. We cannot determine this.
3.  **Kevin and Nicholas share a common descendant.** Correct. Stephanie is a descendant of both Kevin and Nicholas.
4.  **Kevin is Nicholas's ancestor.** Incorrect. Kevin is not in Nicholas's lineage path.
5.  **None of the above is correct.** Incorrect.

Therefore, the correct relationship is that they share a common descendant.

<ANSWER>3</ANSWER>"
8,ANCESTOR,3,"Given the following lineage relationships:
* Christine is Diane's descendant.
* William is Diane's ancestor.
* Christine is Peter's ancestor.
* William is Albert's descendant.
* Robert is Zachary's descendant.
* Peter is Zachary's ancestor.
* Steven is Albert's ancestor.
Determine the lineage relationship between Steven and Robert.
Select the correct answer:
1. Steven and Robert share a common ancestor.
2. Steven is Robert's descendant.
3. Steven is Robert's ancestor.
4. Steven and Robert share a common descendant.
5. None of the above is correct.
Enclose the selected answer number in the <ANSWER> tag, for example: <ANSWER>1</ANSWER>.",z-ai/glm-5,Z.AI,,,<ANSWER>3</ANSWER>
8,DESCENDANT,2,"Given the following lineage relationships:
* Timothy is Martha's descendant.
* Timothy is Dennis's ancestor.
* Barbara is Sarah's ancestor.
* Randy is Lisa's ancestor.
* Dennis is Elizabeth's ancestor.
* Randy is Sarah's descendant.
* Lisa is Martha's ancestor.
Determine the lineage relationship between Elizabeth and Barbara.
Select the correct answer:
1. Elizabeth and Barbara share a common ancestor.
2. Elizabeth is Barbara's descendant.
3. Elizabeth is Barbara's ancestor.
4. Elizabeth and Barbara share a common descendant.
5. None of the above is correct.
Enclose the selected answer number in the <ANSWER> tag, for example: <ANSWER>1</ANSWER>.",z-ai/glm-5,Z.AI,,,<ANSWER>2</ANSWER>
8,COMMON_ANCESTOR,2,"Given the following lineage relationships:
* Joshua is Sandra's descendant.
* Sandra is Katherine's descendant.
* Ronald is Katherine's ancestor.
* Walter is Joshua's descendant.
* Ronald is Matthew's ancestor.
* Walter is Donna's ancestor.
* Cheryl is Matthew's descendant.
Determine the lineage relationship between Donna and Cheryl.
Select the correct answer:
1. Donna and Cheryl share a common descendant.
2. Donna and Cheryl share a common ancestor.
3. Donna is Cheryl's descendant.
4. Donna is Cheryl's ancestor.
5. None of the above is correct.
Enclose the selected answer number in the <ANSWER> tag, for example: <ANSWER>1</ANSWER>.",z-ai/glm-5,Z.AI,,,"To determine the relationship between Donna and Cheryl, let's map out the family tree based on the provided statements. We will arrange the relationships from Ancestor (top) to Descendant (bottom).

1.  **Ronald is Katherine's ancestor.**
    *   Ronald $\rightarrow$ Katherine
2.  **Sandra is Katherine's descendant.** (Implies Katherine is Sandra's ancestor)
    *   Ronald $\rightarrow$ Katherine $\rightarrow$ Sandra
3.  **Joshua is Sandra's descendant.**
    *   Ronald $\rightarrow$ Katherine $\rightarrow$ Sandra $\rightarrow$ Joshua
4.  **Walter is Joshua's descendant.**
    *   Ronald $\rightarrow$ Katherine $\rightarrow$ Sandra $\rightarrow$ Joshua $\rightarrow$ Walter
5.  **Walter is Donna's ancestor.**
    *   Ronald $\rightarrow$ Katherine $\rightarrow$ Sandra $\rightarrow$ Joshua $\rightarrow$ Walter $\rightarrow$ Donna
6.  **Ronald is Matthew's ancestor.**
    *   Ronald $\rightarrow$ Matthew
7.  **Cheryl is Matthew's descendant.**
    *   Ronald $\rightarrow$ Matthew $\rightarrow$ Cheryl

Now we compare the lineage of Donna and Cheryl:
*   **Donna's Line:** Ronald $\rightarrow$ Katherine $\rightarrow$ Sandra $\rightarrow$ Joshua $\rightarrow$ Walter $\rightarrow$ Donna
*   **Cheryl's Line:** Ronald $\rightarrow$ Matthew $\rightarrow$ Cheryl

Both Donna and Cheryl are descendants of **Ronald**. Therefore, they share a common ancestor.

Let's evaluate the options:
1.  Donna and Cheryl share a common descendant. (Incorrect, they are the descendants).
2.  Donna and Cheryl share a common ancestor. (Correct, Ronald is the ancestor of both).
3.  Donna is Cheryl's descendant. (Incorrect, they are on different branches).
4.  Donna is Cheryl's ancestor. (Incorrect, they are on different branches).
5.  None of the above is correct. (Incorrect).

<ANSWER>2</ANSWER>"
8,COMMON_DESCENDANT,1,"Given the following lineage relationships:
* Danielle is Frances's descendant.
* Helen is Danielle's ancestor.
* Kimberly is Dylan's ancestor.
* Helen is Madison's descendant.
* Sarah is Frances's ancestor.
* Julia is Madison's ancestor.
* Dylan is Sarah's ancestor.
Determine the lineage relationship between Kimberly and Julia.
Select the correct answer:
1. Kimberly and Julia share a common descendant.
2. Kimberly and Julia share a common ancestor.
3. Kimberly is Julia's ancestor.
4. Kimberly is Julia's descendant.
5. None of the above is correct.
Enclose the selected answer number in the <ANSWER> tag, for example: <ANSWER>1</ANSWER>.",z-ai/glm-5,Z.AI,,,<ANSWER>1</ANSWER>
8,ANCESTOR,1,"Given the following lineage relationships:
* Catherine is Walter's descendant.
* Noah is Linda's ancestor.
* Jacob is Linda's descendant.
* Jacob is Carolyn's ancestor.
* Julie is Catherine's descendant.
* Walter is Carolyn's descendant.
* Sara is Noah's ancestor.
Determine the lineage relationship between Sara and Julie.
Select the correct answer:
1. Sara is Julie's ancestor.
2. Sara and Julie share a common descendant.
3. Sara is Julie's descendant.
4. Sara and Julie share a common ancestor.
5. None of the above is correct.
Enclose the selected answer number in the <ANSWER> tag, for example: <ANSWER>1</ANSWER>.",z-ai/glm-5,Z.AI,,,"To determine the relationship between Sara and Julie, we need to construct the family tree based on the provided statements. We arrange the relationships from ancestor (top) to descendant (bottom).

1.  **Sara is Noah's ancestor.**
    *   Lineage: Sara $\rightarrow$ Noah
2.  **Noah is Linda's ancestor.**
    *   Lineage: Sara $\rightarrow$ Noah $\rightarrow$ Linda
3.  **Jacob is Linda's descendant.** (This implies Linda is Jacob's ancestor.)
    *   Lineage: Sara $\rightarrow$ Noah $\rightarrow$ Linda $\rightarrow$ Jacob
4.  **Jacob is Carolyn's ancestor.**
    *   Lineage: Sara $\rightarrow$ Noah $\rightarrow$ Linda $\rightarrow$ Jacob $\rightarrow$ Carolyn
5.  **Walter is Carolyn's descendant.** (This implies Carolyn is Walter's ancestor.)
    *   Lineage: Sara $\rightarrow$ Noah $\rightarrow$ Linda $\rightarrow$ Jacob $\rightarrow$ Carolyn $\rightarrow$ Walter
6.  **Catherine is Walter's descendant.** (This implies Walter is Catherine's ancestor.)
    *   Lineage: Sara $\rightarrow$ Noah $\rightarrow$ Linda $\rightarrow$ Jacob $\rightarrow$ Carolyn $\rightarrow$ Walter $\rightarrow$ Catherine
7.  **Julie is Catherine's descendant.** (This implies Catherine is Julie's ancestor.)
    *   Lineage: Sara $\rightarrow$ Noah $\rightarrow$ Linda $\rightarrow$ Jacob $\rightarrow$ Carolyn $\rightarrow$ Walter $\rightarrow$ Catherine $\rightarrow$ Julie

By tracing the complete lineage, we see that Sara is at the beginning of the chain and Julie is at the end. Therefore, Sara is an ancestor of Julie.

The correct answer is: **Sara is Julie's ancestor.**

<ANSWER>1</ANSWER>"
8,DESCENDANT,1,"Given the following lineage relationships:
* Ronald is Rachel's ancestor.
* Theresa is Paul's descendant.
* Emily is Christina's descendant.
* Pamela is Ronald's ancestor.
* John is Emily's descendant.
* Christina is Rachel's descendant.
* John is Paul's ancestor.
Determine the lineage relationship between Theresa and Pamela.
Select the correct answer:
1. Theresa is Pamela's descendant.
2. Theresa is Pamela's ancestor.
3. Theresa and Pamela share a common descendant.
4. Theresa and Pamela share a common ancestor.
5. None of the above is correct.
Enclose the selected answer number in the <ANSWER> tag, for example: <ANSWER>1</ANSWER>.",z-ai/glm-5,Z.AI,,,"To determine the relationship between Theresa and Pamela, let's map out the lineage chain step-by-step using the provided statements.

1.  **Pamela is Ronald's ancestor.** (Pamela $\rightarrow$ Ronald)
2.  **Ronald is Rachel's ancestor.** (Pamela $\rightarrow$ Ronald $\rightarrow$ Rachel)
3.  **Christina is Rachel's descendant.** (Pamela $\rightarrow$ Ronald $\rightarrow$ Rachel $\rightarrow$ Christina)
4.  **Emily is Christina's descendant.** (Pamela $\rightarrow$ Ronald $\rightarrow$ Rachel $\rightarrow$ Christina $\rightarrow$ Emily)
5.  **John is Emily's descendant.** (Pamela $\rightarrow$ Ronald $\rightarrow$ Rachel $\rightarrow$ Christina $\rightarrow$ Emily $\rightarrow$ John)
6.  **John is Paul's ancestor.** (Pamela $\rightarrow$ Ronald $\rightarrow$ Rachel $\rightarrow$ Christina $\rightarrow$ Emily $\rightarrow$ John $\rightarrow$ Paul)
7.  **Theresa is Paul's descendant.** (Pamela $\rightarrow$ Ronald $\rightarrow$ Rachel $\rightarrow$ Christina $\rightarrow$ Emily $\rightarrow$ John $\rightarrow$ Paul $\rightarrow$ Theresa)

By tracing the full lineage, we see that Pamela is the earliest ancestor in the chain, and Theresa is the final descendant. Therefore, Theresa is a descendant of Pamela.

<ANSWER>1</ANSWER>"
8,COMMON_ANCESTOR,1,"Given the following lineage relationships:
* Jonathan is Terry's descendant.
* Charlotte is Edward's descendant.
* Brandon is Sean's ancestor.
* Christine is Brandon's ancestor.
* Ryan is Edward's descendant.
* Terry is Ryan's descendant.
* Charlotte is Christine's ancestor.
Determine the lineage relationship between Jonathan and Sean.
Select the correct answer:
1. Jonathan and Sean share a common ancestor.
2. Jonathan and Sean share a common descendant.
3. Jonathan is Sean's descendant.
4. Jonathan is Sean's ancestor.
5. None of the above is correct.
Enclose the selected answer number in the <ANSWER> tag, for example: <ANSWER>1</ANSWER>.",z-ai/glm-5,Z.AI,,,"To determine the relationship between Jonathan and Sean, let's map out the family tree based on the provided statements. We can interpret ""A is B's descendant"" as A coming after B (B $\rightarrow$ A) and ""A is B's ancestor"" as A coming before B (A $\rightarrow$ B).

1.  **Jonathan is Terry's descendant:** Terry $\rightarrow$ Jonathan.
2.  **Charlotte is Edward's descendant:** Edward $\rightarrow$ Charlotte.
3.  **Brandon is Sean's ancestor:** Brandon $\rightarrow$ Sean.
4.  **Christine is Brandon's ancestor:** Christine $\rightarrow$ Brandon.
    *   Combining 3 and 4: Christine $\rightarrow$ Brandon $\rightarrow$ Sean.
5.  **Ryan is Edward's descendant:** Edward $\rightarrow$ Ryan.
6.  **Terry is Ryan's descendant:** Ryan $\rightarrow$ Terry.
    *   Combining 5 and 6: Edward $\rightarrow$ Ryan $\rightarrow$ Terry.
    *   Combining with 1: Edward $\rightarrow$ Ryan $\rightarrow$ Terry $\rightarrow$ Jonathan.
7.  **Charlotte is Christine's ancestor:** Charlotte $\rightarrow$ Christine.
    *   Combining with previous findings: Charlotte $\rightarrow$ Christine $\rightarrow$ Brandon $\rightarrow$ Sean.
    *   From statement 2, we know Edward $\rightarrow$ Charlotte.
    *   Therefore, the full lineage for Sean is: Edward $\rightarrow$ Charlotte $\rightarrow$ Christine $\rightarrow$ Brandon $\rightarrow$ Sean.

Now we compare the positions of Jonathan and Sean:
*   **Jonathan's line:** Edward $\rightarrow$ Ryan $\rightarrow$ Terry $\rightarrow$ Jonathan.
*   **Sean's line:** Edward $\rightarrow$ Charlotte $\rightarrow$ Christine $\rightarrow$ Brandon $\rightarrow$ Sean.

Both Jonathan and Sean are descendants of **Edward**. Since they share an ancestor (Edward), but are on different branches of the family tree (one through Ryan, the other through Charlotte), they are not ancestors or descendants of each other.

Therefore, the correct relationship is that they share a common ancestor.

<ANSWER>1</ANSWER>"
8,COMMON_DESCENDANT,2,"Given the following lineage relationships:
* Sandra is Beverly's descendant.
* Sandra is Christine's ancestor.
* Beverly is Samuel's descendant.
* Terry is Samuel's ancestor.
* Alice is Christine's ancestor.
* Alice is Karen's descendant.
* Terry is Andrea's descendant.
Determine the lineage relationship between Andrea and Karen.
Select the correct answer:
1. Andrea and Karen share a common ancestor.
2. Andrea and Karen share a common descendant.
3. Andrea is Karen's descendant.
4. Andrea is Karen's ancestor.
5. None of the above is correct.
Enclose the selected answer number in the <ANSWER> tag, for example: <ANSWER>1</ANSWER>.",z-ai/glm-5,Z.AI,,,<ANSWER>2</ANSWER>
8,ANCESTOR,2,"Given the following lineage relationships:
* Randy is Jason's descendant.
* Teresa is Jason's ancestor.
* Ann is Walter's ancestor.
* Elizabeth is Debra's descendant.
* Teresa is Walter's descendant.
* Marie is Debra's ancestor.
* Marie is Randy's descendant.
Determine the lineage relationship between Ann and Elizabeth.
Select the correct answer:
1. Ann and Elizabeth share a common descendant.
2. Ann is Elizabeth's ancestor.
3. Ann and Elizabeth share a common ancestor.
4. Ann is Elizabeth's descendant.
5. None of the above is correct.
Enclose the selected answer number in the <ANSWER> tag, for example: <ANSWER>1</ANSWER>.",z-ai/glm-5,Z.AI,,,<ANSWER>2</ANSWER>
8,DESCENDANT,1,"Given the following lineage relationships:
* Aaron is Emily's descendant.
* Zachary is Aaron's descendant.
* Carol is Zachary's descendant.
* Christopher is Bradley's ancestor.
* Emily is Wayne's descendant.
* Christopher is Carol's descendant.
* Wayne is Bryan's descendant.
Determine the lineage relationship between Bradley and Bryan.
Select the correct answer:
1. Bradley is Bryan's descendant.
2. Bradley and Bryan share a common descendant.
3. Bradley is Bryan's ancestor.
4. Bradley and Bryan share a common ancestor.
5. None of the above is correct.
Enclose the selected answer number in the <ANSWER> tag, for example: <ANSWER>1</ANSWER>.",z-ai/glm-5,Z.AI,,,<ANSWER>1</ANSWER>
8,COMMON_ANCESTOR,3,"Given the following lineage relationships:
* Nancy is Julie's descendant.
* Christopher is Edward's ancestor.
* Frank is Catherine's descendant.
* Frank is Roger's ancestor.
* Terry is Christopher's ancestor.
* Catherine is Terry's descendant.
* Julie is Edward's descendant.
Determine the lineage relationship between Roger and Nancy.
Select the correct answer:
1. Roger and Nancy share a common descendant.
2. Roger is Nancy's descendant.
3. Roger and Nancy share a common ancestor.
4. Roger is Nancy's ancestor.
5. None of the above is correct.
Enclose the selected answer number in the <ANSWER> tag, for example: <ANSWER>1</ANSWER>.",z-ai/glm-5,Z.AI,,,<ANSWER>3</ANSWER>
8,COMMON_DESCENDANT,1,"Given the following lineage relationships:
* Bruce is Madison's ancestor.
* Bruce is Christina's descendant.
* Jordan is Grace's descendant.
* Jordan is Cynthia's ancestor.
* Cynthia is Billy's descendant.
* Gary is Madison's descendant.
* Gary is Grace's ancestor.
Determine the lineage relationship between Christina and Billy.
Select the correct answer:
1. Christina and Billy share a common descendant.
2. Christina is Billy's ancestor.
3. Christina is Billy's descendant.
4. Christina and Billy share a common ancestor.
5. None of the above is correct.
Enclose the selected answer number in the <ANSWER> tag, for example: <ANSWER>1</ANSWER>.",z-ai/glm-5,Z.AI,,,<ANSWER>1</ANSWER>
8,ANCESTOR,3,"Given the following lineage relationships:
* Sandra is Michelle's descendant.
* Catherine is Lisa's descendant.
* Ruth is Jacqueline's ancestor.
* Sandra is Sara's ancestor.
* Joe is Jacqueline's descendant.
* Joe is Michelle's ancestor.
* Catherine is Ruth's ancestor.
Determine the lineage relationship between Lisa and Sara.
Select the correct answer:
1. Lisa and Sara share a common descendant.
2. Lisa and Sara share a common ancestor.
3. Lisa is Sara's ancestor.
4. Lisa is Sara's descendant.
5. None of the above is correct.
Enclose the selected answer number in the <ANSWER> tag, for example: <ANSWER>1</ANSWER>.",z-ai/glm-5,Z.AI,,,"To determine the relationship between Lisa and Sara, we can map out the lineage step-by-step using the given statements. We represent ""X is Y's ancestor"" as $X \rightarrow Y$ (meaning X comes before Y).

1.  **Sandra is Michelle's descendant:** Michelle $\rightarrow$ Sandra
2.  **Catherine is Lisa's descendant:** Lisa $\rightarrow$ Catherine
3.  **Ruth is Jacqueline's ancestor:** Ruth $\rightarrow$ Jacqueline
4.  **Sandra is Sara's ancestor:** Sandra $\rightarrow$ Sara
5.  **Joe is Jacqueline's descendant:** Jacqueline $\rightarrow$ Joe
6.  **Joe is Michelle's ancestor:** Joe $\rightarrow$ Michelle
7.  **Catherine is Ruth's ancestor:** Catherine $\rightarrow$ Ruth

Now, let's chain these relationships together to form a continuous line:

*   Start with **Lisa** (from statement 2):
    Lisa $\rightarrow$ Catherine
*   Connect Catherine to Ruth (from statement 7):
    Lisa $\rightarrow$ Catherine $\rightarrow$ Ruth
*   Connect Ruth to Jacqueline (from statement 3):
    Lisa $\rightarrow$ Catherine $\rightarrow$ Ruth $\rightarrow$ Jacqueline
*   Connect Jacqueline to Joe (from statement 5):
    Lisa $\rightarrow$ Catherine $\rightarrow$ Ruth $\rightarrow$ Jacqueline $\rightarrow$ Joe
*   Connect Joe to Michelle (from statement 6):
    Lisa $\rightarrow$ Catherine $\rightarrow$ Ruth $\rightarrow$ Jacqueline $\rightarrow$ Joe $\rightarrow$ Michelle
*   Connect Michelle to Sandra (from statement 1):
    Lisa $\rightarrow$ Catherine $\rightarrow$ Ruth $\rightarrow$ Jacqueline $\rightarrow$ Joe $\rightarrow$ Michelle $\rightarrow$ Sandra
*   Connect Sandra to Sara (from statement 4):
    Lisa $\rightarrow$ Catherine $\rightarrow$ Ruth $\rightarrow$ Jacqueline $\rightarrow$ Joe $\rightarrow$ Michelle $\rightarrow$ Sandra $\rightarrow$ Sara

The full lineage path shows that Lisa is an ancestor of Sara.

Therefore, the correct relationship is: **Lisa is Sara's ancestor.**

<ANSWER>3</ANSWER>"
8,DESCENDANT,1,"Given the following lineage relationships:
* Kayla is Virginia's ancestor.
* Amanda is Jeremy's ancestor.
* Susan is Kimberly's ancestor.
* Susan is Evelyn's descendant.
* Paul is Kayla's ancestor.
* Virginia is Amanda's ancestor.
* Paul is Kimberly's descendant.
Determine the lineage relationship between Jeremy and Evelyn.
Select the correct answer:
1. Jeremy is Evelyn's descendant.
2. Jeremy and Evelyn share a common descendant.
3. Jeremy and Evelyn share a common ancestor.
4. Jeremy is Evelyn's ancestor.
5. None of the above is correct.
Enclose the selected answer number in the <ANSWER> tag, for example: <ANSWER>1</ANSWER>.",z-ai/glm-5,Z.AI,,,<ANSWER>1</ANSWER>
8,COMMON_ANCESTOR,2,"Given the following lineage relationships:
* Kimberly is Gary's ancestor.
* Kimberly is Jonathan's descendant.
* Jonathan is Donna's descendant.
* Debra is Emma's descendant.
* Teresa is Emma's ancestor.
* Teresa is Donna's descendant.
* Julie is Debra's descendant.
Determine the lineage relationship between Gary and Julie.
Select the correct answer:
1. Gary is Julie's ancestor.
2. Gary and Julie share a common ancestor.
3. Gary and Julie share a common descendant.
4. Gary is Julie's descendant.
5. None of the above is correct.
Enclose the selected answer number in the <ANSWER> tag, for example: <ANSWER>1</ANSWER>.",z-ai/glm-5,Z.AI,,,<ANSWER>2</ANSWER>
8,COMMON_DESCENDANT,3,"Given the following lineage relationships:
* Juan is Sean's ancestor.
* Joshua is Isabella's ancestor.
* Dylan is Noah's descendant.
* Noah is Sean's descendant.
* Juan is Gabriel's descendant.
* Gabriel is Nicole's descendant.
* Isabella is Dylan's descendant.
Determine the lineage relationship between Joshua and Nicole.
Select the correct answer:
1. Joshua and Nicole share a common ancestor.
2. Joshua is Nicole's descendant.
3. Joshua and Nicole share a common descendant.
4. Joshua is Nicole's ancestor.
5. None of the above is correct.
Enclose the selected answer number in the <ANSWER> tag, for example: <ANSWER>1</ANSWER>.",z-ai/glm-5,Z.AI,,,"To determine the relationship between Joshua and Nicole, let's map out the lineage chain based on the provided statements.

1.  **Juan is Sean's ancestor.** (Juan $\rightarrow$ Sean)
2.  **Joshua is Isabella's ancestor.** (Joshua $\rightarrow$ Isabella)
3.  **Dylan is Noah's descendant.** (Noah $\rightarrow$ Dylan)
4.  **Noah is Sean's descendant.** (Sean $\rightarrow$ Noah)
    *   Combining 3 and 4: Sean $\rightarrow$ Noah $\rightarrow$ Dylan.
5.  **Juan is Gabriel's descendant.** (Gabriel $\rightarrow$ Juan)
    *   Combining with 1 and the chain above: Gabriel $\rightarrow$ Juan $\rightarrow$ Sean $\rightarrow$ Noah $\rightarrow$ Dylan.
6.  **Gabriel is Nicole's descendant.** (Nicole $\rightarrow$ Gabriel)
    *   Combining with the chain above: **Nicole $\rightarrow$ Gabriel $\rightarrow$ Juan $\rightarrow$ Sean $\rightarrow$ Noah $\rightarrow$ Dylan**.
7.  **Isabella is Dylan's descendant.** (Dylan $\rightarrow$ Isabella)
    *   Combining with the full chain: **Nicole $\rightarrow$ Gabriel $\rightarrow$ Juan $\rightarrow$ Sean $\rightarrow$ Noah $\rightarrow$ Dylan $\rightarrow$ Isabella**.

From this complete lineage chain, we can see that:
*   **Nicole** is an ancestor of Isabella (specifically, her great-great-great-great-grandmother).
*   **Joshua** is an ancestor of Isabella (Statement 2).

Since both Joshua and Nicole are ancestors of Isabella, Isabella is a descendant of both. Therefore, Joshua and Nicole share a common descendant (Isabella).

Let's evaluate the other options:
1.  *Joshua and Nicole share a common ancestor:* This is possible (if they are related earlier in a tree), but it is not necessarily true based on the information given. Joshua could be from a completely different family tree that married into Nicole's line (e.g., Joshua could be Isabella's father while Nicole is her maternal ancestor), or Joshua could be Nicole's descendant.
2.  *Joshua is Nicole's descendant:* This is possible (if Joshua is someone like Dylan or Sean), but not necessarily true.
4.  *Joshua is Nicole's ancestor:* This is possible (if Joshua is Nicole's father), but not necessarily true.

Only statement 3 is logically guaranteed by the facts provided.

<ANSWER>3</ANSWER>"
8,ANCESTOR,1,"Given the following lineage relationships:
* Doris is Maria's ancestor.
* Bradley is Maria's descendant.
* Alexis is Heather's ancestor.
* Doris is William's descendant.
* Frances is Heather's descendant.
* Alexis is Eugene's descendant.
* Frances is William's ancestor.
Determine the lineage relationship between Eugene and Bradley.
Select the correct answer:
1. Eugene is Bradley's ancestor.
2. Eugene and Bradley share a common ancestor.
3. Eugene is Bradley's descendant.
4. Eugene and Bradley share a common descendant.
5. None of the above is correct.
Enclose the selected answer number in the <ANSWER> tag, for example: <ANSWER>1</ANSWER>.",z-ai/glm-5,Z.AI,,,"To determine the relationship between Eugene and Bradley, let's map out the family tree based on the provided statements. We can arrange the relationships from ancestor (top) to descendant (bottom).

1.  **Doris is Maria's ancestor:** Doris $\rightarrow$ Maria
2.  **Bradley is Maria's descendant:** Maria $\rightarrow$ Bradley
    *   Combining these: Doris $\rightarrow$ Maria $\rightarrow$ Bradley
3.  **Doris is William's descendant:** William $\rightarrow$ Doris
    *   Combining: William $\rightarrow$ Doris $\rightarrow$ Maria $\rightarrow$ Bradley
4.  **Frances is William's ancestor:** Frances $\rightarrow$ William
    *   Combining: Frances $\rightarrow$ William $\rightarrow$ Doris $\rightarrow$ Maria $\rightarrow$ Bradley
5.  **Frances is Heather's descendant:** Heather $\rightarrow$ Frances
    *   Combining: Heather $\rightarrow$ Frances $\rightarrow$ William $\rightarrow$ Doris $\rightarrow$ Maria $\rightarrow$ Bradley
6.  **Alexis is Heather's ancestor:** Alexis $\rightarrow$ Heather
    *   Combining: Alexis $\rightarrow$ Heather $\rightarrow$ Frances $\rightarrow$ William $\rightarrow$ Doris $\rightarrow$ Maria $\rightarrow$ Bradley
7.  **Alexis is Eugene's descendant:** Eugene $\rightarrow$ Alexis
    *   Combining: **Eugene $\rightarrow$ Alexis $\rightarrow$ Heather $\rightarrow$ Frances $\rightarrow$ William $\rightarrow$ Doris $\rightarrow$ Maria $\rightarrow$ Bradley**

Now, we look at the positions of Eugene and Bradley in this lineage.
Eugene is at the beginning of the chain, and Bradley is at the end. Since there is a direct path from Eugene down to Bradley, Eugene is an ancestor of Bradley.

Therefore, the correct answer is option 1.

<ANSWER>1</ANSWER>"
8,DESCENDANT,4,"Given the following lineage relationships:
* Christina is Nicholas's ancestor.
* Gregory is Michelle's descendant.
* Nicholas is Michelle's ancestor.
* Richard is Anna's ancestor.
* Amber is Gregory's descendant.
* Richard is Mary's descendant.
* Christina is Anna's descendant.
Determine the lineage relationship between Amber and Mary.
Select the correct answer:
1. Amber is Mary's ancestor.
2. Amber and Mary share a common ancestor.
3. Amber and Mary share a common descendant.
4. Amber is Mary's descendant.
5. None of the above is correct.
Enclose the selected answer number in the <ANSWER> tag, for example: <ANSWER>1</ANSWER>.",z-ai/glm-5,Z.AI,,,<ANSWER>4</ANSWER>
8,COMMON_ANCESTOR,1,"Given the following lineage relationships:
* Carl is Bradley's ancestor.
* Theresa is Carl's ancestor.
* Bradley is Brittany's ancestor.
* Christian is Kenneth's ancestor.
* Theresa is Jessica's ancestor.
* Jessica is Christian's ancestor.
* Brittany is Albert's ancestor.
Determine the lineage relationship between Albert and Kenneth.
Select the correct answer:
1. Albert and Kenneth share a common ancestor.
2. Albert and Kenneth share a common descendant.
3. Albert is Kenneth's ancestor.
4. Albert is Kenneth's descendant.
5. None of the above is correct.
Enclose the selected answer number in the <ANSWER> tag, for example: <ANSWER>1</ANSWER>.",z-ai/glm-5,Z.AI,,,"To determine the relationship between Albert and Kenneth, let's map out the lineage based on the provided statements. We can trace the lines from ancestors to descendants.

1.  **Trace Albert's lineage:**
    *   Theresa is Carl's ancestor. (Theresa $\rightarrow$ Carl)
    *   Carl is Bradley's ancestor. (Theresa $\rightarrow$ Carl $\rightarrow$ Bradley)
    *   Bradley is Brittany's ancestor. (Theresa $\rightarrow$ Carl $\rightarrow$ Bradley $\rightarrow$ Brittany)
    *   Brittany is Albert's ancestor. (Theresa $\rightarrow$ Carl $\rightarrow$ Bradley $\rightarrow$ Brittany $\rightarrow$ Albert)
    *   Therefore, Albert is a descendant of Theresa.

2.  **Trace Kenneth's lineage:**
    *   Theresa is Jessica's ancestor. (Theresa $\rightarrow$ Jessica)
    *   Jessica is Christian's ancestor. (Theresa $\rightarrow$ Jessica $\rightarrow$ Christian)
    *   Christian is Kenneth's ancestor. (Theresa $\rightarrow$ Jessica $\rightarrow$ Christian $\rightarrow$ Kenneth)
    *   Therefore, Kenneth is a descendant of Theresa.

**Conclusion:**
Both Albert and Kenneth are descendants of Theresa. Consequently, they share a common ancestor (Theresa).

Comparing this to the options:
1. Albert and Kenneth share a common ancestor. (Correct)
2. Albert and Kenneth share a common descendant. (No information suggests they have children; they are the end of the lines described.)
3. Albert is Kenneth's ancestor. (Incorrect, they are on different branches.)
4. Albert is Kenneth's descendant. (Incorrect, they are on different branches.)
5. None of the above is correct. (Incorrect since option 1 is correct.)

<ANSWER>1</ANSWER>"
8,COMMON_DESCENDANT,2,"Given the following lineage relationships:
* Rachel is Henry's ancestor.
* Kayla is Keith's ancestor.
* Henry is Michelle's descendant.
* Ryan is Gloria's descendant.
* Jean is Keith's descendant.
* Jean is Michelle's ancestor.
* Ryan is Rachel's ancestor.
Determine the lineage relationship between Gloria and Kayla.
Select the correct answer:
1. Gloria and Kayla share a common ancestor.
2. Gloria and Kayla share a common descendant.
3. Gloria is Kayla's ancestor.
4. Gloria is Kayla's descendant.
5. None of the above is correct.
Enclose the selected answer number in the <ANSWER> tag, for example: <ANSWER>1</ANSWER>.",z-ai/glm-5,Z.AI,,,<ANSWER>2</ANSWER>
8,ANCESTOR,1,"Given the following lineage relationships:
* Charles is Rachel's descendant.
* Joyce is Jacob's ancestor.
* Elijah is Charles's descendant.
* Karen is Anna's descendant.
* Joyce is Kathryn's descendant.
* Jacob is Rachel's ancestor.
* Anna is Elijah's descendant.
Determine the lineage relationship between Kathryn and Karen.
Select the correct answer:
1. Kathryn is Karen's ancestor.
2. Kathryn and Karen share a common descendant.
3. Kathryn and Karen share a common ancestor.
4. Kathryn is Karen's descendant.
5. None of the above is correct.
Enclose the selected answer number in the <ANSWER> tag, for example: <ANSWER>1</ANSWER>.",z-ai/glm-5,Z.AI,,,"To determine the relationship between Kathryn and Karen, we need to chain the given lineage facts together. Let's represent the relationship ""X is an ancestor of Y"" as $X \rightarrow Y$.

1.  **Analyze the facts:**
    *   ""Charles is Rachel's descendant"" $\rightarrow$ Rachel $\rightarrow$ Charles
    *   ""Joyce is Jacob's ancestor"" $\rightarrow$ Joyce $\rightarrow$ Jacob
    *   ""Elijah is Charles's descendant"" $\rightarrow$ Charles $\rightarrow$ Elijah
    *   ""Karen is Anna's descendant"" $\rightarrow$ Anna $\rightarrow$ Karen
    *   ""Joyce is Kathryn's descendant"" $\rightarrow$ Kathryn $\rightarrow$ Joyce
    *   ""Jacob is Rachel's ancestor"" $\rightarrow$ Jacob $\rightarrow$ Rachel
    *   ""Anna is Elijah's descendant"" $\rightarrow$ Elijah $\rightarrow$ Anna

2.  **Construct the lineage chain:**
    We can link these relationships starting from the top ancestor (Kathryn) down to the bottom descendant (Karen).

    *   From ""Joyce is Kathryn's descendant"": **Kathryn $\rightarrow$ Joyce**
    *   From ""Joyce is Jacob's ancestor"": **Joyce $\rightarrow$ Jacob**
    *   From ""Jacob is Rachel's ancestor"": **Jacob $\rightarrow$ Rachel**
    *   From ""Charles is Rachel's descendant"" (Rachel is Charles's ancestor): **Rachel $\rightarrow$ Charles**
    *   From ""Elijah is Charles's descendant"" (Charles is Elijah's ancestor): **Charles $\rightarrow$ Elijah**
    *   From ""Anna is Elijah's descendant"" (Elijah is Anna's ancestor): **Elijah $\rightarrow$ Anna**
    *   From ""Karen is Anna's descendant"" (Anna is Karen's ancestor): **Anna $\rightarrow$ Karen**

3.  **Combine the chain:**
    Kathryn $\rightarrow$ Joyce $\rightarrow$ Jacob $\rightarrow$ Rachel $\rightarrow$ Charles $\rightarrow$ Elijah $\rightarrow$ Anna $\rightarrow$ Karen.

4.  **Determine the relationship:**
    Following the chain, Kathryn is the ancestor of Joyce, who is the ancestor of Jacob, and so forth, down to Karen. Therefore, Kathryn is the ancestor of Karen.

    Checking the options:
    1.  Kathryn is Karen's ancestor. (Correct)
    2.  Kathryn and Karen share a common descendant. (Incorrect, Karen is the descendant).
    3.  Kathryn and Karen share a common ancestor. (While technically true since Kathryn is the common ancestor, Option 1 is the specific and direct relationship describing their relative positions).
    4.  Kathryn is Karen's descendant. (Incorrect, the reverse is true).

The correct answer is option 1.

<ANSWER>1</ANSWER>"
8,DESCENDANT,4,"Given the following lineage relationships:
* Michelle is Deborah's ancestor.
* Nancy is Danielle's descendant.
* Michelle is Nancy's descendant.
* Lauren is Pamela's descendant.
* Lori is Pamela's ancestor.
* Danielle is Olivia's descendant.
* Lori is Deborah's descendant.
Determine the lineage relationship between Lauren and Olivia.
Select the correct answer:
1. Lauren and Olivia share a common ancestor.
2. Lauren is Olivia's ancestor.
3. Lauren and Olivia share a common descendant.
4. Lauren is Olivia's descendant.
5. None of the above is correct.
Enclose the selected answer number in the <ANSWER> tag, for example: <ANSWER>1</ANSWER>.",z-ai/glm-5,Z.AI,,,"To determine the relationship between Lauren and Olivia, let's map out the family tree step-by-step based on the provided statements. We will use the format $A \rightarrow D$ to indicate that A is an ancestor of D (or D is a descendant of A).

1.  **Michelle is Deborah's ancestor.**
    Michelle $\rightarrow$ Deborah

2.  **Nancy is Danielle's descendant.**
    Danielle $\rightarrow$ Nancy

3.  **Michelle is Nancy's descendant.**
    Nancy $\rightarrow$ Michelle
    Combining this with statement 1 and 2:
    Danielle $\rightarrow$ Nancy $\rightarrow$ Michelle $\rightarrow$ Deborah

4.  **Danielle is Olivia's descendant.**
    Olivia $\rightarrow$ Danielle
    Adding this to our chain:
    **Olivia $\rightarrow$ Danielle $\rightarrow$ Nancy $\rightarrow$ Michelle $\rightarrow$ Deborah**

5.  **Lori is Deborah's descendant.**
    Deborah $\rightarrow$ Lori
    Extending the chain:
    **Olivia $\rightarrow$ ... $\rightarrow$ Deborah $\rightarrow$ Lori**

6.  **Lori is Pamela's ancestor.**
    Lori $\rightarrow$ Pamela
    Extending the chain:
    **Olivia $\rightarrow$ ... $\rightarrow$ Lori $\rightarrow$ Pamela**

7.  **Lauren is Pamela's descendant.**
    Pamela $\rightarrow$ Lauren
    Extending the chain:
    **Olivia $\rightarrow$ Danielle $\rightarrow$ Nancy $\rightarrow$ Michelle $\rightarrow$ Deborah $\rightarrow$ Lori $\rightarrow$ Pamela $\rightarrow$ Lauren**

**Conclusion:**
By following the lineage from Olivia down to Lauren, we establish that Olivia is an ancestor of Lauren. Consequently, Lauren is a descendant of Olivia.

This matches option 4.

<ANSWER>4</ANSWER>"
8,COMMON_ANCESTOR,4,"Given the following lineage relationships:
* Helen is Gerald's descendant.
* Carl is Julie's ancestor.
* Carl is Willie's descendant.
* Gerald is Jean's descendant.
* Randy is Roger's descendant.
* Roger is Willie's ancestor.
* Julie is Jean's ancestor.
Determine the lineage relationship between Randy and Helen.
Select the correct answer:
1. Randy and Helen share a common descendant.
2. Randy is Helen's descendant.
3. Randy is Helen's ancestor.
4. Randy and Helen share a common ancestor.
5. None of the above is correct.
Enclose the selected answer number in the <ANSWER> tag, for example: <ANSWER>1</ANSWER>.",z-ai/glm-5,Z.AI,,,"To determine the relationship between Randy and Helen, let's map out the lineage step-by-step from the given statements. We denote ""A is B's ancestor"" as $A \rightarrow B$ (meaning B is a descendant of A).

1.  **Helen is Gerald's descendant.**
    $Gerald \rightarrow Helen$
2.  **Gerald is Jean's descendant.**
    $Jean \rightarrow Gerald \rightarrow Helen$
3.  **Julie is Jean's ancestor.**
    $Julie \rightarrow Jean \rightarrow Gerald \rightarrow Helen$
4.  **Carl is Julie's ancestor.**
    $Carl \rightarrow Julie \rightarrow Jean \rightarrow Gerald \rightarrow Helen$
5.  **Carl is Willie's descendant.**
    $Willie \rightarrow Carl \rightarrow Julie \rightarrow Jean \rightarrow Gerald \rightarrow Helen$
6.  **Roger is Willie's ancestor.**
    $Roger \rightarrow Willie \rightarrow Carl \rightarrow Julie \rightarrow Jean \rightarrow Gerald \rightarrow Helen$
7.  **Randy is Roger's descendant.**
    $Roger \rightarrow Randy$

**Analysis of the relationships:**

*   From the chain derived in step 6, **Roger** is an ancestor of **Helen**.
*   From statement 7, **Roger** is an ancestor of **Randy**.

Since Roger is an ancestor of both Randy and Helen, they both descend from Roger.

Therefore, Randy and Helen share a common ancestor (Roger).

Let's check the other options:
1.  *Randy and Helen share a common descendant:* We do not have information about Randy's children, so we cannot determine this.
2.  *Randy is Helen's descendant:* We know Roger is an ancestor to both. For Randy to be Helen's descendant, Helen would have to be an ancestor of Randy. While possible, it is not definitively derivable from the statements (Randy could be Helen's uncle or cousin). We only know for sure they share Roger as an ancestor.
3.  *Randy is Helen's ancestor:* Similar to option 2, this is possible (if Randy is on the path from Roger to Helen), but not definitively provable. We just know they are related via Roger.

Option 4 is the only statement that is definitively true based on the provided facts.

<ANSWER>4</ANSWER>"
8,COMMON_DESCENDANT,2,"Given the following lineage relationships:
* Jeremy is Sophia's descendant.
* Ralph is Amanda's descendant.
* Bryan is Jeremy's descendant.
* Christine is Amanda's ancestor.
* Catherine is Ralph's ancestor.
* Madison is Catherine's ancestor.
* Madison is Bryan's descendant.
Determine the lineage relationship between Sophia and Christine.
Select the correct answer:
1. Sophia is Christine's descendant.
2. Sophia and Christine share a common descendant.
3. Sophia and Christine share a common ancestor.
4. Sophia is Christine's ancestor.
5. None of the above is correct.
Enclose the selected answer number in the <ANSWER> tag, for example: <ANSWER>1</ANSWER>.",z-ai/glm-5,Z.AI,,,<ANSWER>2</ANSWER>
8,ANCESTOR,4,"Given the following lineage relationships:
* Amber is Diane's ancestor.
* Beverly is Henry's descendant.
* Deborah is Gerald's ancestor.
* Henry is Jerry's descendant.
* Beverly is Deborah's ancestor.
* Diane is Brittany's ancestor.
* Amber is Gerald's descendant.
Determine the lineage relationship between Jerry and Brittany.
Select the correct answer:
1. Jerry and Brittany share a common ancestor.
2. Jerry is Brittany's descendant.
3. Jerry and Brittany share a common descendant.
4. Jerry is Brittany's ancestor.
5. None of the above is correct.
Enclose the selected answer number in the <ANSWER> tag, for example: <ANSWER>1</ANSWER>.",z-ai/glm-5,Z.AI,,,"To determine the relationship between Jerry and Brittany, let's map out the lineage step-by-step using the provided statements. We can denote ""X is Y's ancestor"" as $X \rightarrow Y$ (where X comes before Y) and ""X is Y's descendant"" as $X \leftarrow Y$ (where X comes after Y).

1.  **Amber is Diane's ancestor.** $\rightarrow$ Amber $\rightarrow$ Diane
2.  **Diane is Brittany's ancestor.** $\rightarrow$ Diane $\rightarrow$ Brittany
    *   Combining these: Amber $\rightarrow$ Diane $\rightarrow$ Brittany.
3.  **Amber is Gerald's descendant.** $\rightarrow$ Gerald $\rightarrow$ Amber
    *   Combining with previous: Gerald $\rightarrow$ Amber $\rightarrow$ Diane $\rightarrow$ Brittany.
4.  **Deborah is Gerald's ancestor.** $\rightarrow$ Deborah $\rightarrow$ Gerald
    *   Combining with previous: Deborah $\rightarrow$ Gerald $\rightarrow$ Amber $\rightarrow$ Diane $\rightarrow$ Brittany.
5.  **Beverly is Deborah's ancestor.** $\rightarrow$ Beverly $\rightarrow$ Deborah
    *   Combining with previous: Beverly $\rightarrow$ Deborah $\rightarrow$ Gerald $\rightarrow$ Amber $\rightarrow$ Diane $\rightarrow$ Brittany.
6.  **Beverly is Henry's descendant.** $\rightarrow$ Henry $\rightarrow$ Beverly
    *   Combining with previous: Henry $\rightarrow$ Beverly $\rightarrow$ Deborah $\rightarrow$ Gerald $\rightarrow$ Amber $\rightarrow$ Diane $\rightarrow$ Brittany.
7.  **Henry is Jerry's descendant.** $\rightarrow$ Jerry $\rightarrow$ Henry
    *   Combining with previous: **Jerry $\rightarrow$ Henry $\rightarrow$ Beverly $\rightarrow$ Deborah $\rightarrow$ Gerald $\rightarrow$ Amber $\rightarrow$ Diane $\rightarrow$ Brittany.**

By tracing the full lineage, we see that Jerry is at the beginning of the chain and Brittany is at the end. Therefore, Jerry is Brittany's ancestor.

<ANSWER>4</ANSWER>"
8,DESCENDANT,1,"Given the following lineage relationships:
* Janet is Michael's ancestor.
* Frances is Nicholas's descendant.
* Nicholas is Andrea's descendant.
* Jason is Dorothy's ancestor.
* Michael is Jason's ancestor.
* Theresa is Dorothy's descendant.
* Andrea is Theresa's descendant.
Determine the lineage relationship between Frances and Janet.
Select the correct answer:
1. Frances is Janet's descendant.
2. Frances and Janet share a common descendant.
3. Frances and Janet share a common ancestor.
4. Frances is Janet's ancestor.
5. None of the above is correct.
Enclose the selected answer number in the <ANSWER> tag, for example: <ANSWER>1</ANSWER>.",z-ai/glm-5,Z.AI,,,"To determine the relationship between Frances and Janet, let's trace the lineage step-by-step from the statements provided.

1.  **Janet is Michael's ancestor.**
    (Order: Janet $\rightarrow$ Michael)
2.  **Michael is Jason's ancestor.**
    (Order: Michael $\rightarrow$ Jason)
    *Combining 1 & 2:* Janet $\rightarrow$ Michael $\rightarrow$ Jason
3.  **Jason is Dorothy's ancestor.**
    (Order: Jason $\rightarrow$ Dorothy)
    *Combining previous:* Janet $\rightarrow$ Michael $\rightarrow$ Jason $\rightarrow$ Dorothy
4.  **Theresa is Dorothy's descendant.**
    (This means Dorothy is Theresa's ancestor.)
    (Order: Dorothy $\rightarrow$ Theresa)
    *Combining previous:* Janet $\rightarrow$ Michael $\rightarrow$ Jason $\rightarrow$ Dorothy $\rightarrow$ Theresa
5.  **Andrea is Theresa's descendant.**
    (This means Theresa is Andrea's ancestor.)
    (Order: Theresa $\rightarrow$ Andrea)
    *Combining previous:* Janet $\rightarrow$ Michael $\rightarrow$ Jason $\rightarrow$ Dorothy $\rightarrow$ Theresa $\rightarrow$ Andrea
6.  **Nicholas is Andrea's descendant.**
    (This means Andrea is Nicholas's ancestor.)
    (Order: Andrea $\rightarrow$ Nicholas)
    *Combining previous:* Janet $\rightarrow$ Michael $\rightarrow$ Jason $\rightarrow$ Dorothy $\rightarrow$ Theresa $\rightarrow$ Andrea $\rightarrow$ Nicholas
7.  **Frances is Nicholas's descendant.**
    (This means Nicholas is Frances's ancestor.)
    (Order: Nicholas $\rightarrow$ Frances)
    *Final Chain:* Janet $\rightarrow$ Michael $\rightarrow$ Jason $\rightarrow$ Dorothy $\rightarrow$ Theresa $\rightarrow$ Andrea $\rightarrow$ Nicholas $\rightarrow$ Frances

By following the chain, we see that Janet is the direct ancestor of Frances. Conversely, Frances is the direct descendant of Janet.

Therefore, the correct statement is: **Frances is Janet's descendant.**

<ANSWER>1</ANSWER>"
8,COMMON_ANCESTOR,3,"Given the following lineage relationships:
* Scott is Rachel's descendant.
* Kevin is Walter's descendant.
* Jesse is Kevin's descendant.
* Rachel is Jesse's descendant.
* Helen is Jacob's descendant.
* Helen is Doris's ancestor.
* Walter is Jacob's ancestor.
Determine the lineage relationship between Scott and Doris.
Select the correct answer:
1. Scott and Doris share a common descendant.
2. Scott is Doris's ancestor.
3. Scott and Doris share a common ancestor.
4. Scott is Doris's descendant.
5. None of the above is correct.
Enclose the selected answer number in the <ANSWER> tag, for example: <ANSWER>1</ANSWER>.",z-ai/glm-5,Z.AI,,,<ANSWER>3</ANSWER>
8,COMMON_DESCENDANT,3,"Given the following lineage relationships:
* Benjamin is Kenneth's ancestor.
* Christine is Joshua's descendant.
* Kenneth is Madison's descendant.
* Ethan is Patrick's descendant.
* Christine is Patrick's ancestor.
* Ethan is Benjamin's ancestor.
* Madison is Terry's descendant.
Determine the lineage relationship between Terry and Joshua.
Select the correct answer:
1. Terry and Joshua share a common ancestor.
2. Terry is Joshua's ancestor.
3. Terry and Joshua share a common descendant.
4. Terry is Joshua's descendant.
5. None of the above is correct.
Enclose the selected answer number in the <ANSWER> tag, for example: <ANSWER>1</ANSWER>.",z-ai/glm-5,Z.AI,,,"To determine the relationship between Terry and Joshua, let's map out the lineage step-by-step from the given statements. We will arrange the individuals from Ancestor (highest) to Descendant (lowest).

1.  **Analyze the chain starting with Joshua:**
    *   ""Christine is Joshua's descendant"" implies: **Joshua $\rightarrow$ Christine**.
    *   ""Christine is Patrick's ancestor"" implies: **Christine $\rightarrow$ Patrick**.
    *   ""Ethan is Patrick's descendant"" implies: **Patrick $\rightarrow$ Ethan**.
    *   ""Ethan is Benjamin's ancestor"" implies: **Ethan $\rightarrow$ Benjamin**.
    *   ""Benjamin is Kenneth's ancestor"" implies: **Benjamin $\rightarrow$ Kenneth**.
    *   Combining these, we get a direct lineage:
        **Joshua $\rightarrow$ Christine $\rightarrow$ Patrick $\rightarrow$ Ethan $\rightarrow$ Benjamin $\rightarrow$ Kenneth**.

2.  **Analyze the chain starting with Terry:**
    *   ""Madison is Terry's descendant"" implies: **Terry $\rightarrow$ Madison**.
    *   ""Kenneth is Madison's descendant"" implies: **Madison $\rightarrow$ Kenneth**.
    *   Combining these, we get:
        **Terry $\rightarrow$ Madison $\rightarrow$ Kenneth**.

3.  **Determine the connection:**
    *   From the first chain, Kenneth is a descendant of Joshua.
    *   From the second chain, Kenneth is a descendant of Terry.
    *   Therefore, Kenneth is a descendant of *both* Terry and Joshua.

4.  **Evaluate the options:**
    *   Since Kenneth is a descendant of both Terry and Joshua, they share at least one common descendant (Kenneth).
    *   Option 1 (Common ancestor): We do not have information about ancestors of Joshua or Terry, so we cannot confirm this.
    *   Option 2 (Terry is Joshua's ancestor): There is no evidence linking Terry as an ancestor to Joshua; they are distinct branches leading to Kenneth.
    *   Option 3 (Share a common descendant): This is correct, as Kenneth is a descendant of both.
    *   Option 4 (Terry is Joshua's descendant): There is no evidence for this.

Therefore, Terry and Joshua share a common descendant.

<ANSWER>3</ANSWER>"
8,ANCESTOR,4,"Given the following lineage relationships:
* Austin is Scott's descendant.
* Douglas is Samantha's descendant.
* Donald is Paul's descendant.
* Paul is Larry's descendant.
* Larry is Austin's descendant.
* Scott is Megan's descendant.
* Douglas is Megan's ancestor.
Determine the lineage relationship between Samantha and Donald.
Select the correct answer:
1. Samantha and Donald share a common descendant.
2. Samantha and Donald share a common ancestor.
3. Samantha is Donald's descendant.
4. Samantha is Donald's ancestor.
5. None of the above is correct.
Enclose the selected answer number in the <ANSWER> tag, for example: <ANSWER>1</ANSWER>.",z-ai/glm-5,Z.AI,,,"To determine the relationship between Samantha and Donald, we can map out the lineage chain based on the provided statements. We represent the relationships as ""Ancestor $\rightarrow$ Descendant"".

1.  **Douglas is Samantha's descendant.**
    Samantha $\rightarrow$ Douglas
2.  **Douglas is Megan's ancestor.**
    Douglas $\rightarrow$ Megan
    (Combining 1 & 2: Samantha $\rightarrow$ Douglas $\rightarrow$ Megan)
3.  **Scott is Megan's descendant.**
    Megan $\rightarrow$ Scott
    (Combining: Samantha $\rightarrow$ Douglas $\rightarrow$ Megan $\rightarrow$ Scott)
4.  **Austin is Scott's descendant.**
    Scott $\rightarrow$ Austin
    (Combining: Samantha $\rightarrow$ Douglas $\rightarrow$ Megan $\rightarrow$ Scott $\rightarrow$ Austin)
5.  **Larry is Austin's descendant.**
    Austin $\rightarrow$ Larry
    (Combining: Samantha $\rightarrow$ Douglas $\rightarrow$ Megan $\rightarrow$ Scott $\rightarrow$ Austin $\rightarrow$ Larry)
6.  **Paul is Larry's descendant.**
    Larry $\rightarrow$ Paul
    (Combining: Samantha $\rightarrow$ Douglas $\rightarrow$ Megan $\rightarrow$ Scott $\rightarrow$ Austin $\rightarrow$ Larry $\rightarrow$ Paul)
7.  **Donald is Paul's descendant.**
    Paul $\rightarrow$ Donald
    (Combining: Samantha $\rightarrow$ Douglas $\rightarrow$ Megan $\rightarrow$ Scott $\rightarrow$ Austin $\rightarrow$ Larry $\rightarrow$ Paul $\rightarrow$ Donald)

The full lineage chain from oldest to youngest is:
**Samantha $\rightarrow$ Douglas $\rightarrow$ Megan $\rightarrow$ Scott $\rightarrow$ Austin $\rightarrow$ Larry $\rightarrow$ Paul $\rightarrow$ Donald**

Analyzing the relationship between Samantha and Donald based on this chain:
Samantha is at the beginning of the chain (the ancestor), and Donald is at the end of the chain (the descendant). Therefore, Samantha is Donald's ancestor.

We evaluate the options:
1.  Incorrect. They do not share a common descendant; Donald is the descendant of Samantha.
2.  Incorrect. They do not share a common ancestor; Samantha is the ancestor of Donald.
3.  Incorrect. Samantha is not Donald's descendant; it is the other way around.
4.  Correct. Samantha is Donald's ancestor.

<ANSWER>4</ANSWER>"
8,DESCENDANT,3,"Given the following lineage relationships:
* Peter is Sara's descendant.
* Christian is Richard's descendant.
* Peter is George's ancestor.
* Maria is Diane's descendant.
* Richard is George's descendant.
* Maria is Sara's ancestor.
* Victoria is Christian's descendant.
Determine the lineage relationship between Victoria and Diane.
Select the correct answer:
1. Victoria is Diane's ancestor.
2. Victoria and Diane share a common descendant.
3. Victoria is Diane's descendant.
4. Victoria and Diane share a common ancestor.
5. None of the above is correct.
Enclose the selected answer number in the <ANSWER> tag, for example: <ANSWER>1</ANSWER>.",z-ai/glm-5,Z.AI,,,"To determine the relationship between Victoria and Diane, let's map out the family tree based on the provided statements. We can denote the relationship ""X is Y's ancestor"" as $X \to Y$ (meaning X came before Y).

1.  **Peter is Sara's descendant.**
    $Sara \to Peter$
2.  **Christian is Richard's descendant.**
    $Richard \to Christian$
3.  **Peter is George's ancestor.**
    $Peter \to George$
4.  **Maria is Diane's descendant.**
    $Diane \to Maria$
5.  **Richard is George's descendant.**
    $George \to Richard$
6.  **Maria is Sara's ancestor.**
    $Maria \to Sara$
7.  **Victoria is Christian's descendant.**
    $Christian \to Victoria$

Now, let's combine these chains:

*   From statements 4, 6, 1, 3, 5, 2, and 7, we can construct a linear timeline:
    $Diane \to Maria \to Sara \to Peter \to George \to Richard \to Christian \to Victoria$

Let's verify the links:
*   Diane is an ancestor of Maria (from 4).
*   Maria is an ancestor of Sara (from 6).
*   Sara is an ancestor of Peter (from 1).
*   Peter is an ancestor of George (from 3).
*   George is an ancestor of Richard (from 5).
*   Richard is an ancestor of Christian (from 2).
*   Christian is an ancestor of Victoria (from 7).

The full lineage is:
**Diane $\to$ Maria $\to$ Sara $\to$ Peter $\to$ George $\to$ Richard $\to$ Christian $\to$ Victoria**

The question asks for the relationship between Victoria and Diane. Looking at the lineage chain, Diane is at the beginning (top) and Victoria is at the end (bottom).
Therefore, Victoria is a descendant of Diane.

Now we evaluate the options:
1.  Victoria is Diane's ancestor. (Incorrect, Diane is the ancestor).
2.  Victoria and Diane share a common descendant. (Incorrect, this would imply they are on different branches leading to one person, or one is the other's ancestor and that person is the descendant; however, the standard definition for ""sharing a common descendant"" usually implies a branching structure below them. Even if loosely interpreted, Option 3 is a direct and precise description).
3.  Victoria is Diane's descendant. (Correct, this follows directly from the chain).
4.  Victoria and Diane share a common ancestor. (While technically true if the line extends further up, Option 3 is the specific relationship derived from the given facts).
5.  None of the above is correct.

The most accurate description of the relationship is that Victoria is Diane's descendant.

<ANSWER>3</ANSWER>"
8,COMMON_ANCESTOR,2,"Given the following lineage relationships:
* Jason is Samuel's descendant.
* Rebecca is Sophia's descendant.
* Gloria is Jason's descendant.
* Gloria is Joe's ancestor.
* Barbara is Alan's descendant.
* Samuel is Alan's ancestor.
* Sophia is Barbara's descendant.
Determine the lineage relationship between Joe and Rebecca.
Select the correct answer:
1. Joe is Rebecca's descendant.
2. Joe and Rebecca share a common ancestor.
3. Joe is Rebecca's ancestor.
4. Joe and Rebecca share a common descendant.
5. None of the above is correct.
Enclose the selected answer number in the <ANSWER> tag, for example: <ANSWER>1</ANSWER>.",z-ai/glm-5,Z.AI,,,"To determine the relationship between Joe and Rebecca, let's map out the family tree based on the provided statements. We can denote the relationship ""X is Y's ancestor"" as $X \rightarrow Y$ (meaning X came before Y).

1.  **Jason is Samuel's descendant.**
    Samuel $\rightarrow$ Jason
2.  **Samuel is Alan's ancestor.**
    Samuel $\rightarrow$ Alan
    Combining these, we have a lineage starting with Samuel: Samuel $\rightarrow$ Alan. And since Samuel is also Jason's ancestor, Samuel $\rightarrow$ Jason. This makes Alan and Jason descendants of Samuel. (Assuming generational gaps or specific branching, we treat them as descendants).
3.  **Barbara is Alan's descendant.**
    Alan $\rightarrow$ Barbara.
    Now we can extend the Samuel line: Samuel $\rightarrow$ Alan $\rightarrow$ Barbara.
4.  **Sophia is Barbara's descendant.**
    Barbara $\rightarrow$ Sophia.
    Line: Samuel $\rightarrow$ Alan $\rightarrow$ Barbara $\rightarrow$ Sophia.
5.  **Rebecca is Sophia's descendant.**
    Sophia $\rightarrow$ Rebecca.
    Line: Samuel $\rightarrow$ Alan $\rightarrow$ Barbara $\rightarrow$ Sophia $\rightarrow$ Rebecca.

Now let's trace the other branch starting from Samuel:
6.  **Gloria is Jason's descendant.**
    Jason $\rightarrow$ Gloria.
    Since Samuel $\rightarrow$ Jason, the line is: Samuel $\rightarrow$ Jason $\rightarrow$ Gloria.
7.  **Gloria is Joe's ancestor.**
    Gloria $\rightarrow$ Joe.
    Line: Samuel $\rightarrow$ Jason $\rightarrow$ Gloria $\rightarrow$ Joe.

**Comparing the two lineages:**
*   **Joe's Line:** Samuel $\rightarrow$ Jason $\rightarrow$ Gloria $\rightarrow$ Joe.
*   **Rebecca's Line:** Samuel $\rightarrow$ Alan $\rightarrow$ Barbara $\rightarrow$ Sophia $\rightarrow$ Rebecca.

**Conclusion:**
Both Joe and Rebecca are descendants of Samuel. Joe is not in Rebecca's direct line of descent, nor is Rebecca in Joe's. They are on different branches of the family tree stemming from the same progenitor.

Therefore, Joe and Rebecca share a common ancestor (Samuel).

<ANSWER>2</ANSWER>"
8,COMMON_DESCENDANT,4,"Given the following lineage relationships:
* Mason is Angela's descendant.
* Sandra is Joan's ancestor.
* Sharon is Diana's ancestor.
* Brittany is Sandra's ancestor.
* Joan is Sharon's ancestor.
* Christina is Diana's descendant.
* Christina is Mason's ancestor.
Determine the lineage relationship between Angela and Brittany.
Select the correct answer:
1. Angela is Brittany's descendant.
2. Angela and Brittany share a common ancestor.
3. Angela is Brittany's ancestor.
4. Angela and Brittany share a common descendant.
5. None of the above is correct.
Enclose the selected answer number in the <ANSWER> tag, for example: <ANSWER>1</ANSWER>.",z-ai/glm-5,Z.AI,,,<ANSWER>4</ANSWER>
